project,file_path,path_depth,lines_valid,lines_covered,line_rate,branches_valid,branches_covered,branch_rate,coverage_density,branch_to_line_ratio,num_functions,num_classes,num_imports,num_conditionals,num_loops,num_try_except
flask,src\flask\__init__.py,2,39,39,1.0,0,0,0.0,1.0,0.0,0,0,39,0,0,0
flask,src\flask\__main__.py,2,2,0,0.0,0,0,0.0,0.0,0.0,0,0,1,0,0,0
flask,src\flask\app.py,2,423,384,0.9078014184397163,94,87,0.925531914893617,0.9078014184397163,0.2222222222222222,40,1,62,81,14,9
flask,src\flask\blueprints.py,2,34,26,0.7647058823529411,5,3,0.6,0.7647058823529411,0.14705882352941177,4,1,11,6,0,0
flask,src\flask\cli.py,2,428,363,0.8481308411214953,74,63,0.8513513513513513,0.8481308411214953,0.17289719626168223,36,6,37,66,10,18
flask,src\flask\config.py,2,108,106,0.9814814814814815,21,21,1.0,0.9814814814814815,0.19444444444444445,14,2,9,17,5,3
flask,src\flask\ctx.py,2,156,130,0.8333333333333334,18,16,0.8888888888888888,0.8333333333333334,0.11538461538461539,27,2,17,19,0,5
flask,src\flask\debughelpers.py,2,87,77,0.8850574712643678,18,17,0.9444444444444444,0.8850574712643678,0.20689655172413793,7,4,9,15,4,1
flask,src\flask\globals.py,2,18,16,0.8888888888888888,1,1,1.0,0.8888888888888888,0.05555555555555555,2,6,10,2,0,0
flask,src\flask\helpers.py,2,117,110,0.9401709401709402,17,16,0.9411764705882353,0.9401709401709402,0.1452991452991453,19,0,19,18,0,3
flask,src\flask\logging.py,2,30,30,1.0,6,6,1.0,1.0,0.2,3,0,7,6,1,0
flask,src\flask\sessions.py,2,123,123,1.0,9,9,1.0,1.0,0.07317073170731707,25,5,15,10,0,1
flask,src\flask\signals.py,2,13,13,1.0,0,0,0.0,1.0,0.0,0,0,2,0,0,0
flask,src\flask\templating.py,2,104,98,0.9423076923076923,14,13,0.9285714285714286,0.9423076923076923,0.1346153846153846,15,2,14,10,5,2
flask,src\flask\testing.py,2,112,108,0.9642857142857143,16,16,1.0,0.9642857142857143,0.14285714285714285,12,3,18,16,1,1
flask,src\flask\typing.py,2,22,22,1.0,0,0,0.0,1.0,0.0,0,0,6,1,0,0
flask,src\flask\views.py,2,53,53,1.0,10,10,1.0,1.0,0.18867924528301888,6,2,5,7,3,0
flask,src\flask\wrappers.py,2,85,85,1.0,12,12,1.0,1.0,0.1411764705882353,12,2,11,13,0,1
flask,src\flask\json\__init__.py,3,25,22,0.88,4,4,1.0,0.88,0.16,5,0,6,5,0,0
flask,src\flask\json\provider.py,3,64,60,0.9375,8,8,1.0,0.9375,0.125,11,2,11,9,0,0
flask,src\flask\json\tag.py,3,132,132,1.0,10,10,1.0,1.0,0.07575757575757576,34,10,11,8,2,0
flask,src\flask\sansio\app.py,3,244,237,0.9713114754098361,36,35,0.9722222222222222,0.9713114754098361,0.14754098360655737,40,1,35,31,6,1
flask,src\flask\sansio\blueprints.py,3,235,231,0.9829787234042553,36,36,1.0,0.9829787234042553,0.15319148936170213,40,2,11,32,5,0
flask,src\flask\sansio\scaffold.py,3,205,195,0.9512195121951219,20,18,0.9,0.9512195121951219,0.0975609756097561,35,1,17,21,0,2
flask,tests\conftest.py,1,72,69,0.9583333333333334,4,4,1.0,0.9583333333333334,0.05555555555555555,13,0,6,1,3,0
flask,tests\test_appctx.py,1,142,140,0.9859154929577465,0,0,0.0,0.9859154929577465,0.0,29,1,3,0,0,2
flask,tests\test_async.py,1,100,100,1.0,0,0,0.0,1.0,0.0,6,4,7,0,0,0
flask,tests\test_basic.py,1,1317,1303,0.9893697798025817,9,9,1.0,0.9893697798025817,0.00683371298405467,246,7,27,8,1,5
flask,tests\test_blueprints.py,1,750,746,0.9946666666666667,2,2,1.0,0.9946666666666667,0.0026666666666666666,165,3,7,2,0,2
flask,tests\test_cli.py,1,429,404,0.9417249417249417,3,1,0.3333333333333333,0.9417249417249417,0.006993006993006993,68,14,30,0,3,4
flask,tests\test_config.py,1,166,165,0.9939759036144579,1,1,1.0,0.9939759036144579,0.006024096385542169,18,4,4,1,0,0
flask,tests\test_converters.py,1,29,29,1.0,0,0,0.0,1.0,0.0,7,2,4,0,0,0
flask,tests\test_helpers.py,1,237,225,0.9493670886075949,1,0,0.0,0.9493670886075949,0.004219409282700422,50,13,7,1,0,1
flask,tests\test_instance_config.py,1,56,56,1.0,0,0,0.0,1.0,0.0,8,0,9,0,0,0
flask,tests\test_json.py,1,173,163,0.9421965317919075,4,4,1.0,0.9421965317919075,0.023121387283236993,38,4,10,2,2,2
flask,tests\test_json_tag.py,1,50,50,1.0,0,0,0.0,1.0,0.0,9,5,7,0,0,0
flask,tests\test_logging.py,1,69,69,1.0,1,1,1.0,1.0,0.014492753623188406,9,0,7,1,0,0
flask,tests\test_regression.py,1,21,20,0.9523809523809523,1,1,1.0,0.9523809523809523,0.047619047619047616,4,1,1,1,0,0
flask,tests\test_reqctx.py,1,216,174,0.8055555555555556,1,1,1.0,0.8055555555555556,0.004629629629629629,35,6,9,1,0,4
flask,tests\test_request.py,1,50,49,0.98,0,0,0.0,0.98,0.0,6,0,5,0,0,0
flask,tests\test_session_interface.py,1,17,16,0.9411764705882353,0,0,0.0,0.9411764705882353,0.0,4,1,3,0,0,0
flask,tests\test_signals.py,1,126,126,1.0,0,0,0.0,1.0,0.0,25,0,1,0,0,7
flask,tests\test_subclassing.py,1,15,15,1.0,0,0,0.0,1.0,0.0,3,1,2,0,0,0
flask,tests\test_templating.py,1,339,339,1.0,0,0,0.0,1.0,0.0,80,4,8,0,0,0
flask,tests\test_testing.py,1,266,264,0.9924812030075187,0,0,0.0,0.9924812030075187,0.0,47,3,10,0,0,0
flask,tests\test_user_error_handler.py,1,203,203,1.0,2,2,1.0,1.0,0.009852216748768473,44,8,6,2,0,0
flask,tests\test_views.py,1,177,168,0.9491525423728814,0,0,0.0,0.9491525423728814,0.0,42,22,3,0,0,0
flask,tests\test_apps\blueprintapp\__init__.py,3,7,7,1.0,0,0,0.0,1.0,0.0,0,0,3,0,0,0
flask,tests\test_apps\blueprintapp\apps\__init__.py,4,0,0,0.0,0,0,0.0,0.0,0.0,0,0,0,0,0,0
flask,tests\test_apps\blueprintapp\apps\admin\__init__.py,5,9,9,1.0,0,0,0.0,1.0,0.0,2,0,2,0,0,0
flask,tests\test_apps\blueprintapp\apps\frontend\__init__.py,5,9,9,1.0,0,0,0.0,1.0,0.0,2,0,2,0,0,0
flask,tests\test_apps\cliapp\__init__.py,3,0,0,0.0,0,0,0.0,0.0,0.0,0,0,0,0,0,0
flask,tests\test_apps\cliapp\app.py,3,2,2,1.0,0,0,0.0,1.0,0.0,0,0,1,0,0,0
flask,tests\test_apps\cliapp\factory.py,3,7,7,1.0,0,0,0.0,1.0,0.0,3,0,1,0,0,0
flask,tests\test_apps\cliapp\importerrorapp.py,3,2,2,1.0,0,0,0.0,1.0,0.0,0,0,1,0,0,0
flask,tests\test_apps\helloworld\hello.py,3,5,4,0.8,0,0,0.0,0.8,0.0,1,0,1,0,0,0
flask,tests\test_apps\helloworld\wsgi.py,3,1,1,1.0,0,0,0.0,1.0,0.0,0,0,1,0,0,0
